payee_id,payee_name,payee_type,is_suspicious_network,historical_fraud_count
PAY-5001,Account_5001,Peer-Transfer,False,0
PAY-5002,Merchant_5002,Grocery,False,0
PAY-5003,Account_5003,Peer-Transfer,False,0
PAY-5004,Merchant_5004,Travel,False,0
PAY-5005,Account_5005,Peer-Transfer,False,0
PAY-5006,Merchant_5006,Travel,False,0
PAY-5007,Account_5007,Healthcare,False,0
PAY-5008,Merchant_5008,Peer-Transfer,False,0
PAY-5009,Account_5009,Utilities,False,0
PAY-5010,Merchant_5010,Peer-Transfer,False,0
PAY-5011,Account_5011,Cryptocurrency,False,0
PAY-5012,Merchant_5012,Peer-Transfer,False,0
PAY-5013,Account_5013,Unverified Merchant,False,0
PAY-5014,Merchant_5014,E-commerce,False,0
PAY-5015,Account_5015,Peer-Transfer,False,0
PAY-5016,Merchant_5016,Travel,False,0
PAY-5017,Account_5017,Peer-Transfer,False,0
PAY-5018,Merchant_5018,Travel,False,0
PAY-5019,Account_5019,Travel,False,0
PAY-5020,Merchant_5020,E-commerce,False,0
PAY-5021,Account_5021,Healthcare,False,0
PAY-5022,Merchant_5022,E-commerce,False,0
PAY-5023,Account_5023,Cryptocurrency,False,0
PAY-5024,Merchant_5024,Cryptocurrency,False,0
PAY-5025,Account_5025,E-commerce,False,0
PAY-5026,Merchant_5026,Utilities,False,0
PAY-5027,Account_5027,Unverified Merchant,False,0
PAY-5028,Merchant_5028,Unverified Merchant,False,0
PAY-5029,Account_5029,Peer-Transfer,False,0
PAY-5030,Merchant_5030,Grocery,False,0
PAY-5031,Account_5031,Utilities,False,0
PAY-5032,Merchant_5032,Peer-Transfer,False,0
PAY-5033,Account_5033,Healthcare,False,0
PAY-5034,Merchant_5034,Cryptocurrency,False,0
PAY-5035,Account_5035,Cryptocurrency,False,0
PAY-5036,Merchant_5036,Unverified Merchant,False,0
PAY-5037,Account_5037,Travel,False,0
PAY-5038,Merchant_5038,Grocery,False,0
PAY-5039,Account_5039,Travel,False,0
PAY-5040,Merchant_5040,Grocery,False,0
PAY-5041,Account_5041,E-commerce,False,0
PAY-5042,Merchant_5042,Peer-Transfer,False,0
PAY-5043,Account_5043,Travel,False,0
PAY-5044,Merchant_5044,E-commerce,False,0
PAY-5045,Account_5045,Unverified Merchant,False,0
PAY-5046,Merchant_5046,E-commerce,False,0
PAY-5047,Account_5047,Unverified Merchant,False,0
PAY-5048,Merchant_5048,Cryptocurrency,False,0
PAY-5049,Account_5049,Cryptocurrency,False,0
PAY-5050,Merchant_5050,Travel,False,0
PAY-5051,Account_5051,Healthcare,False,0
PAY-5052,Merchant_5052,Peer-Transfer,False,0
PAY-5053,Account_5053,Utilities,False,0
PAY-5054,Merchant_5054,Peer-Transfer,False,0
PAY-5055,Account_5055,Grocery,False,0
PAY-5056,Merchant_5056,E-commerce,False,0
PAY-5057,Account_5057,Peer-Transfer,False,0
PAY-5058,Merchant_5058,E-commerce,False,0
PAY-5059,Account_5059,Peer-Transfer,False,0
PAY-5060,Merchant_5060,Healthcare,False,0
PAY-5061,Account_5061,Cryptocurrency,False,0
PAY-5062,Merchant_5062,Utilities,False,0
PAY-5063,Account_5063,Travel,False,0
PAY-5064,Merchant_5064,Grocery,False,0
PAY-5065,Account_5065,Unverified Merchant,False,0
PAY-5066,Merchant_5066,Travel,False,0
PAY-5067,Account_5067,Grocery,False,0
PAY-5068,Merchant_5068,Unverified Merchant,False,0
PAY-5069,Account_5069,E-commerce,False,0
PAY-5070,Merchant_5070,Grocery,False,0
PAY-5071,Account_5071,Unverified Merchant,False,0
PAY-5072,Merchant_5072,Travel,False,0
PAY-5073,Account_5073,E-commerce,False,0
PAY-5074,Merchant_5074,Unverified Merchant,False,0
PAY-5075,Account_5075,Unverified Merchant,False,0
PAY-5076,Merchant_5076,Unverified Merchant,False,0
PAY-5077,Account_5077,Unverified Merchant,False,0
PAY-5078,Merchant_5078,Utilities,False,0
PAY-5079,Account_5079,Utilities,False,0
PAY-5080,Merchant_5080,Healthcare,False,0
PAY-5081,Account_5081,E-commerce,False,0
PAY-5082,Merchant_5082,Peer-Transfer,False,0
PAY-5083,Account_5083,E-commerce,False,0
PAY-5084,Merchant_5084,Unverified Merchant,False,0
PAY-5085,Account_5085,Cryptocurrency,False,0
PAY-5086,Merchant_5086,Travel,False,0
PAY-5087,Account_5087,Grocery,False,0
PAY-5088,Merchant_5088,Grocery,False,0
PAY-5089,Account_5089,Grocery,False,0
PAY-5090,Merchant_5090,Unverified Merchant,False,0
PAY-5091,Account_5091,Utilities,False,0
PAY-5092,Merchant_5092,E-commerce,False,0
PAY-5093,Account_5093,Utilities,False,0
PAY-5094,Merchant_5094,Grocery,False,0
PAY-5095,Account_5095,E-commerce,False,0
PAY-5096,Merchant_5096,Healthcare,False,0
PAY-5097,Account_5097,E-commerce,False,0
PAY-5098,Merchant_5098,Travel,False,0
PAY-5099,Account_5099,Healthcare,False,0
PAY-5100,Merchant_5100,Healthcare,False,0
PAY-5101,Account_5101,Unverified Merchant,False,0
PAY-5102,Merchant_5102,Travel,False,0
PAY-5103,Account_5103,Grocery,False,0
PAY-5104,Merchant_5104,Peer-Transfer,False,0
PAY-5105,Account_5105,Unverified Merchant,False,0
PAY-5106,Merchant_5106,Unverified Merchant,False,0
PAY-5107,Account_5107,Unverified Merchant,False,0
PAY-5108,Merchant_5108,Utilities,False,0
PAY-5109,Account_5109,Cryptocurrency,False,0
PAY-5110,Merchant_5110,Utilities,False,0
PAY-5111,Account_5111,Unverified Merchant,False,0
PAY-5112,Merchant_5112,Utilities,False,0
PAY-5113,Account_5113,Cryptocurrency,False,0
PAY-5114,Merchant_5114,Peer-Transfer,False,0
PAY-5115,Account_5115,Cryptocurrency,False,0
PAY-5116,Merchant_5116,Peer-Transfer,False,0
PAY-5117,Account_5117,Cryptocurrency,False,0
PAY-5118,Merchant_5118,Cryptocurrency,False,0
PAY-5119,Account_5119,Unverified Merchant,False,0
PAY-5120,Merchant_5120,Cryptocurrency,False,0
PAY-5121,Account_5121,Healthcare,False,0
PAY-5122,Merchant_5122,Grocery,False,0
PAY-5123,Account_5123,Cryptocurrency,False,0
PAY-5124,Merchant_5124,Travel,False,0
PAY-5125,Account_5125,Travel,False,0
PAY-5126,Merchant_5126,Healthcare,False,0
PAY-5127,Account_5127,Healthcare,False,0
PAY-5128,Merchant_5128,Grocery,False,0
PAY-5129,Account_5129,Grocery,False,0
PAY-5130,Merchant_5130,Peer-Transfer,False,0
PAY-5131,Account_5131,E-commerce,False,0
PAY-5132,Merchant_5132,E-commerce,False,0
PAY-5133,Account_5133,Healthcare,False,0
PAY-5134,Merchant_5134,E-commerce,False,0
PAY-5135,Account_5135,Cryptocurrency,False,0
PAY-5136,Merchant_5136,Peer-Transfer,False,0
PAY-5137,Account_5137,Travel,False,0
PAY-5138,Merchant_5138,Unverified Merchant,False,0
PAY-5139,Account_5139,Travel,False,0
PAY-5140,Merchant_5140,E-commerce,False,0
PAY-5141,Account_5141,E-commerce,False,0
PAY-5142,Merchant_5142,Utilities,False,0
PAY-5143,Account_5143,Utilities,False,0
PAY-5144,Merchant_5144,Healthcare,False,0
PAY-5145,Account_5145,Travel,False,0
PAY-5146,Merchant_5146,Grocery,False,0
PAY-5147,Account_5147,Unverified Merchant,False,0
PAY-5148,Merchant_5148,Grocery,False,0
PAY-5149,Account_5149,Peer-Transfer,False,0
PAY-5150,Merchant_5150,Healthcare,False,0
PAY-5151,Account_5151,Unverified Merchant,False,0
PAY-5152,Merchant_5152,Travel,False,0
PAY-5153,Account_5153,Cryptocurrency,False,0
PAY-5154,Merchant_5154,Grocery,False,0
PAY-5155,Account_5155,Utilities,False,0
PAY-5156,Merchant_5156,Peer-Transfer,False,0
PAY-5157,Account_5157,Unverified Merchant,False,0
PAY-5158,Merchant_5158,Utilities,False,0
PAY-5159,Account_5159,Utilities,False,0
PAY-5160,Merchant_5160,Peer-Transfer,False,0
PAY-5161,Account_5161,Grocery,False,0
PAY-5162,Merchant_5162,Utilities,False,0
PAY-5163,Account_5163,Grocery,False,0
PAY-5164,Merchant_5164,Utilities,False,0
PAY-5165,Account_5165,Cryptocurrency,False,0
PAY-5166,Merchant_5166,E-commerce,False,0
PAY-5167,Account_5167,Cryptocurrency,False,0
PAY-5168,Merchant_5168,Grocery,False,0
PAY-5169,Account_5169,Grocery,False,0
PAY-5170,Merchant_5170,Grocery,False,0
PAY-5171,Account_5171,E-commerce,False,0
PAY-5172,Merchant_5172,Cryptocurrency,False,0
PAY-5173,Account_5173,Peer-Transfer,False,0
PAY-5174,Merchant_5174,Travel,False,0
PAY-5175,Account_5175,Healthcare,False,0
PAY-5176,Merchant_5176,Unverified Merchant,False,0
PAY-5177,Account_5177,Peer-Transfer,False,0
PAY-5178,Merchant_5178,Unverified Merchant,False,0
PAY-5179,Account_5179,Travel,False,0
PAY-5180,Merchant_5180,Travel,False,0
PAY-5181,Account_5181,Peer-Transfer,False,0
PAY-5182,Merchant_5182,Healthcare,False,0
PAY-5183,Account_5183,Travel,False,0
PAY-5184,Merchant_5184,Peer-Transfer,False,0
PAY-5185,Account_5185,Unverified Merchant,False,0
PAY-5186,Merchant_5186,Utilities,False,0
PAY-5187,Account_5187,E-commerce,False,0
PAY-5188,Merchant_5188,Utilities,False,0
PAY-5189,Account_5189,Healthcare,False,0
PAY-5190,Merchant_5190,Cryptocurrency,False,0
PAY-5191,Account_5191,Unverified Merchant,False,0
PAY-5192,Merchant_5192,Utilities,False,0
PAY-5193,Account_5193,Healthcare,False,0
PAY-5194,Merchant_5194,Cryptocurrency,False,0
PAY-5195,Account_5195,Travel,False,0
PAY-5196,Merchant_5196,Cryptocurrency,False,0
PAY-5197,Account_5197,Cryptocurrency,False,0
PAY-5198,Merchant_5198,Healthcare,False,0
PAY-5199,Account_5199,Travel,False,0
PAY-5200,Merchant_5200,E-commerce,False,0
PAY-5201,Account_5201,Grocery,False,0
PAY-5202,Merchant_5202,Travel,False,0
PAY-5203,Account_5203,Utilities,False,0
PAY-5204,Merchant_5204,Unverified Merchant,False,0
PAY-5205,Account_5205,E-commerce,False,0
PAY-5206,Merchant_5206,Cryptocurrency,False,0
PAY-5207,Account_5207,Cryptocurrency,False,0
PAY-5208,Merchant_5208,Peer-Transfer,False,0
PAY-5209,Account_5209,E-commerce,False,0
PAY-5210,Merchant_5210,E-commerce,False,0
PAY-5211,Account_5211,Healthcare,False,0
PAY-5212,Merchant_5212,Cryptocurrency,False,0
PAY-5213,Account_5213,Peer-Transfer,False,0
PAY-5214,Merchant_5214,Healthcare,False,0
PAY-5215,Account_5215,E-commerce,False,0
PAY-5216,Merchant_5216,Unverified Merchant,False,0
PAY-5217,Account_5217,E-commerce,False,0
PAY-5218,Merchant_5218,Healthcare,False,0
PAY-5219,Account_5219,Grocery,False,0
PAY-5220,Merchant_5220,Grocery,False,0
PAY-5221,Account_5221,Grocery,False,0
PAY-5222,Merchant_5222,E-commerce,False,0
PAY-5223,Account_5223,Grocery,False,0
PAY-5224,Merchant_5224,Cryptocurrency,False,0
PAY-5225,Account_5225,Grocery,False,0
PAY-5226,Merchant_5226,Utilities,False,0
PAY-5227,Account_5227,Healthcare,False,0
PAY-5228,Merchant_5228,Cryptocurrency,False,0
PAY-5229,Account_5229,Grocery,False,0
PAY-5230,Merchant_5230,Peer-Transfer,False,0
PAY-5231,Account_5231,Utilities,False,0
PAY-5232,Merchant_5232,Grocery,False,0
PAY-5233,Account_5233,Peer-Transfer,False,0
PAY-5234,Merchant_5234,Healthcare,False,0
PAY-5235,Account_5235,Travel,False,0
PAY-5236,Merchant_5236,E-commerce,False,0
PAY-5237,Account_5237,Unverified Merchant,False,0
PAY-5238,Merchant_5238,Utilities,False,0
PAY-5239,Account_5239,Cryptocurrency,False,0
PAY-5240,Merchant_5240,Travel,False,0
PAY-5241,Account_5241,Grocery,False,0
PAY-5242,Merchant_5242,Travel,False,0
PAY-5243,Account_5243,Travel,False,0
PAY-5244,Merchant_5244,Peer-Transfer,False,0
PAY-5245,Account_5245,Cryptocurrency,False,0
PAY-5246,Merchant_5246,Travel,False,0
PAY-5247,Account_5247,Cryptocurrency,False,0
PAY-5248,Merchant_5248,Travel,False,0
PAY-5249,Account_5249,Grocery,False,0
PAY-5250,Merchant_5250,Utilities,False,0
PAY-5251,Account_5251,Grocery,False,0
PAY-5252,Merchant_5252,Grocery,False,0
PAY-5253,Account_5253,Grocery,False,0
PAY-5254,Merchant_5254,Grocery,False,0
PAY-5255,Account_5255,Travel,False,0
PAY-5256,Merchant_5256,Utilities,False,0
PAY-5257,Account_5257,Unverified Merchant,False,0
PAY-5258,Merchant_5258,Utilities,False,0
PAY-5259,Account_5259,Grocery,False,0
PAY-5260,Merchant_5260,Healthcare,False,0
PAY-5261,Account_5261,Grocery,False,0
PAY-5262,Merchant_5262,E-commerce,False,0
PAY-5263,Account_5263,Travel,False,0
PAY-5264,Merchant_5264,Peer-Transfer,False,0
PAY-5265,Account_5265,Healthcare,False,0
PAY-5266,Merchant_5266,Utilities,False,0
PAY-5267,Account_5267,Peer-Transfer,False,0
PAY-5268,Merchant_5268,E-commerce,False,0
PAY-5269,Account_5269,Grocery,False,0
PAY-5270,Merchant_5270,Travel,False,0
PAY-5271,Account_5271,Grocery,False,0
PAY-5272,Merchant_5272,Healthcare,False,0
PAY-5273,Account_5273,Travel,False,0
PAY-5274,Merchant_5274,Unverified Merchant,False,0
PAY-5275,Account_5275,Cryptocurrency,False,0
PAY-5276,Merchant_5276,Cryptocurrency,False,0
PAY-5277,Account_5277,Utilities,False,0
PAY-5278,Merchant_5278,Travel,False,0
PAY-5279,Account_5279,Cryptocurrency,False,0
PAY-5280,Merchant_5280,Cryptocurrency,False,0
PAY-5281,Account_5281,E-commerce,False,0
PAY-5282,Merchant_5282,Grocery,False,0
PAY-5283,Account_5283,Utilities,False,0
PAY-5284,Merchant_5284,E-commerce,False,0
PAY-5285,Account_5285,E-commerce,False,0
PAY-5286,Merchant_5286,Cryptocurrency,False,0
PAY-5287,Account_5287,Utilities,False,0
PAY-5288,Merchant_5288,Peer-Transfer,False,0
PAY-5289,Account_5289,Healthcare,False,0
PAY-5290,Merchant_5290,Unverified Merchant,False,0
PAY-5291,Account_5291,Healthcare,False,0
PAY-5292,Merchant_5292,Unverified Merchant,False,0
PAY-5293,Account_5293,Grocery,False,0
PAY-5294,Merchant_5294,Peer-Transfer,False,0
PAY-5295,Account_5295,Travel,False,0
PAY-5296,Merchant_5296,Utilities,False,0
PAY-5297,Account_5297,Utilities,False,0
PAY-5298,Merchant_5298,Grocery,False,0
PAY-5299,Account_5299,Peer-Transfer,False,0
PAY-5300,Merchant_5300,Travel,False,0
PAY-5301,Account_5301,Travel,False,0
PAY-5302,Merchant_5302,Grocery,False,0
PAY-5303,Account_5303,Cryptocurrency,False,0
PAY-5304,Merchant_5304,Unverified Merchant,False,0
PAY-5305,Account_5305,Travel,False,0
PAY-5306,Merchant_5306,Unverified Merchant,False,0
PAY-5307,Account_5307,Healthcare,False,0
PAY-5308,Merchant_5308,E-commerce,False,0
PAY-5309,Account_5309,Utilities,False,0
PAY-5310,Merchant_5310,Utilities,False,0
PAY-5311,Account_5311,Healthcare,False,0
PAY-5312,Merchant_5312,E-commerce,False,0
PAY-5313,Account_5313,Cryptocurrency,False,0
PAY-5314,Merchant_5314,Travel,False,0
PAY-5315,Account_5315,Unverified Merchant,False,0
PAY-5316,Merchant_5316,Cryptocurrency,False,0
PAY-5317,Account_5317,Peer-Transfer,False,0
PAY-5318,Merchant_5318,Grocery,False,0
PAY-5319,Account_5319,Utilities,False,0
PAY-5320,Merchant_5320,Cryptocurrency,False,0
PAY-5321,Account_5321,Unverified Merchant,False,0
PAY-5322,Merchant_5322,Cryptocurrency,False,0
PAY-5323,Account_5323,Unverified Merchant,False,0
PAY-5324,Merchant_5324,Utilities,False,0
PAY-5325,Account_5325,Unverified Merchant,False,0
PAY-5326,Merchant_5326,Unverified Merchant,False,0
PAY-5327,Account_5327,Cryptocurrency,False,0
PAY-5328,Merchant_5328,E-commerce,False,0
PAY-5329,Account_5329,Travel,False,0
PAY-5330,Merchant_5330,Cryptocurrency,False,0
PAY-5331,Account_5331,Travel,False,0
PAY-5332,Merchant_5332,Cryptocurrency,False,0
PAY-5333,Account_5333,Peer-Transfer,False,0
PAY-5334,Merchant_5334,Grocery,False,0
PAY-5335,Account_5335,Utilities,False,0
PAY-5336,Merchant_5336,Cryptocurrency,False,0
PAY-5337,Account_5337,E-commerce,False,0
PAY-5338,Merchant_5338,Unverified Merchant,False,0
PAY-5339,Account_5339,Cryptocurrency,False,0
PAY-5340,Merchant_5340,E-commerce,False,0
PAY-5341,Account_5341,E-commerce,False,0
PAY-5342,Merchant_5342,E-commerce,False,0
PAY-5343,Account_5343,Cryptocurrency,False,0
PAY-5344,Merchant_5344,Cryptocurrency,False,0
PAY-5345,Account_5345,Cryptocurrency,False,0
PAY-5346,Merchant_5346,Unverified Merchant,False,0
PAY-5347,Account_5347,Grocery,False,0
PAY-5348,Merchant_5348,Travel,False,0
PAY-5349,Account_5349,Unverified Merchant,False,0
PAY-5350,Merchant_5350,Cryptocurrency,False,0
PAY-5351,Account_5351,Utilities,False,0
PAY-5352,Merchant_5352,Cryptocurrency,False,0
PAY-5353,Account_5353,Peer-Transfer,False,0
PAY-5354,Merchant_5354,E-commerce,False,0
PAY-5355,Account_5355,E-commerce,False,0
PAY-5356,Merchant_5356,Grocery,False,0
PAY-5357,Account_5357,Unverified Merchant,False,0
PAY-5358,Merchant_5358,Healthcare,False,0
PAY-5359,Account_5359,Travel,False,0
PAY-5360,Merchant_5360,Peer-Transfer,False,0
PAY-5361,Account_5361,Utilities,False,0
PAY-5362,Merchant_5362,E-commerce,False,0
PAY-5363,Account_5363,Peer-Transfer,False,0
PAY-5364,Merchant_5364,Peer-Transfer,False,0
PAY-5365,Account_5365,Unverified Merchant,False,0
PAY-5366,Merchant_5366,Unverified Merchant,False,0
PAY-5367,Account_5367,Unverified Merchant,False,0
PAY-5368,Merchant_5368,E-commerce,False,0
PAY-5369,Account_5369,Cryptocurrency,False,0
PAY-5370,Merchant_5370,Peer-Transfer,False,0
PAY-5371,Account_5371,Unverified Merchant,False,0
PAY-5372,Merchant_5372,Cryptocurrency,False,0
PAY-5373,Account_5373,Healthcare,False,0
PAY-5374,Merchant_5374,Grocery,False,0
PAY-5375,Account_5375,Travel,False,0
PAY-5376,Merchant_5376,Peer-Transfer,False,0
PAY-5377,Account_5377,Grocery,False,0
PAY-5378,Merchant_5378,Peer-Transfer,False,0
PAY-5379,Account_5379,Grocery,False,0
PAY-5380,Merchant_5380,Utilities,False,0
PAY-5381,Account_5381,Healthcare,False,0
PAY-5382,Merchant_5382,Utilities,False,0
PAY-5383,Account_5383,Unverified Merchant,False,0
PAY-5384,Merchant_5384,Utilities,False,0
PAY-5385,Account_5385,Cryptocurrency,False,0
PAY-5386,Merchant_5386,Peer-Transfer,False,0
PAY-5387,Account_5387,Unverified Merchant,False,0
PAY-5388,Merchant_5388,Travel,False,0
PAY-5389,Account_5389,Utilities,False,0
PAY-5390,Merchant_5390,E-commerce,False,0
PAY-5391,Account_5391,Peer-Transfer,False,0
PAY-5392,Merchant_5392,Cryptocurrency,False,0
PAY-5393,Account_5393,Peer-Transfer,False,0
PAY-5394,Merchant_5394,Utilities,False,0
PAY-5395,Account_5395,Unverified Merchant,False,0
PAY-5396,Merchant_5396,Utilities,False,0
PAY-5397,Account_5397,Utilities,False,0
PAY-5398,Merchant_5398,Healthcare,False,0
PAY-5399,Account_5399,Cryptocurrency,False,0
PAY-5400,Merchant_5400,Grocery,False,0
PAY-5401,Account_5401,Grocery,False,0
PAY-5402,Merchant_5402,Peer-Transfer,False,0
PAY-5403,Account_5403,Grocery,False,0
PAY-5404,Merchant_5404,Grocery,False,0
PAY-5405,Account_5405,E-commerce,False,0
PAY-5406,Merchant_5406,Healthcare,False,0
PAY-5407,Account_5407,Healthcare,False,0
PAY-5408,Merchant_5408,E-commerce,False,0
PAY-5409,Account_5409,Unverified Merchant,False,0
PAY-5410,Merchant_5410,Unverified Merchant,False,0
PAY-5411,Account_5411,Peer-Transfer,False,0
PAY-5412,Merchant_5412,Unverified Merchant,False,0
PAY-5413,Account_5413,Grocery,False,0
PAY-5414,Merchant_5414,Travel,False,0
PAY-5415,Account_5415,Grocery,False,0
PAY-5416,Merchant_5416,E-commerce,False,0
PAY-5417,Account_5417,Travel,False,0
PAY-5418,Merchant_5418,Grocery,False,0
PAY-5419,Account_5419,Utilities,False,0
PAY-5420,Merchant_5420,Utilities,False,0
PAY-5421,Account_5421,E-commerce,False,0
PAY-5422,Merchant_5422,Peer-Transfer,False,0
PAY-5423,Account_5423,Grocery,False,0
PAY-5424,Merchant_5424,Utilities,False,0
PAY-5425,Account_5425,Cryptocurrency,False,0
PAY-5426,Merchant_5426,Grocery,False,0
PAY-5427,Account_5427,Unverified Merchant,False,0
PAY-5428,Merchant_5428,Healthcare,False,0
PAY-5429,Account_5429,E-commerce,False,0
PAY-5430,Merchant_5430,Grocery,False,0
PAY-5431,Account_5431,Cryptocurrency,False,0
PAY-5432,Merchant_5432,Peer-Transfer,False,0
PAY-5433,Account_5433,E-commerce,False,0
PAY-5434,Merchant_5434,E-commerce,False,0
PAY-5435,Account_5435,E-commerce,False,0
PAY-5436,Merchant_5436,Travel,False,0
PAY-5437,Account_5437,Travel,False,0
PAY-5438,Merchant_5438,Cryptocurrency,False,0
PAY-5439,Account_5439,Travel,False,0
PAY-5440,Merchant_5440,Utilities,False,0
PAY-5441,Account_5441,Grocery,False,0
PAY-5442,Merchant_5442,Cryptocurrency,False,0
PAY-5443,Account_5443,E-commerce,False,0
PAY-5444,Merchant_5444,Grocery,False,0
PAY-5445,Account_5445,Grocery,False,0
PAY-5446,Merchant_5446,Unverified Merchant,False,0
PAY-5447,Account_5447,Travel,False,0
PAY-5448,Merchant_5448,Grocery,False,0
PAY-5449,Account_5449,E-commerce,False,0
PAY-5450,Merchant_5450,Healthcare,False,0
PAY-5451,Account_5451,E-commerce,False,0
PAY-5452,Merchant_5452,Cryptocurrency,False,0
PAY-5453,Account_5453,Cryptocurrency,False,0
PAY-5454,Merchant_5454,E-commerce,False,0
PAY-5455,Account_5455,Healthcare,False,0
PAY-5456,Merchant_5456,Unverified Merchant,False,0
PAY-5457,Account_5457,Peer-Transfer,False,0
PAY-5458,Merchant_5458,Travel,False,0
PAY-5459,Account_5459,Unverified Merchant,False,0
PAY-5460,Merchant_5460,Healthcare,False,0
PAY-5461,Account_5461,Grocery,False,0
PAY-5462,Merchant_5462,Peer-Transfer,False,0
PAY-5463,Account_5463,Unverified Merchant,False,0
PAY-5464,Merchant_5464,Utilities,False,0
PAY-5465,Account_5465,Healthcare,False,0
PAY-5466,Merchant_5466,Healthcare,False,0
PAY-5467,Account_5467,Cryptocurrency,False,0
PAY-5468,Merchant_5468,Peer-Transfer,False,0
PAY-5469,Account_5469,Cryptocurrency,False,0
PAY-5470,Merchant_5470,Unverified Merchant,False,0
PAY-5471,Account_5471,Healthcare,False,0
PAY-5472,Merchant_5472,Grocery,False,0
PAY-5473,Account_5473,Cryptocurrency,False,0
PAY-5474,Merchant_5474,Unverified Merchant,False,0
PAY-5475,Account_5475,Travel,False,0
PAY-5476,Merchant_5476,Peer-Transfer,False,0
PAY-5477,Account_5477,Healthcare,False,0
PAY-5478,Merchant_5478,Healthcare,False,0
PAY-5479,Account_5479,Peer-Transfer,False,0
PAY-5480,Merchant_5480,Travel,False,0
PAY-5481,Account_5481,Healthcare,False,0
PAY-5482,Merchant_5482,Peer-Transfer,False,0
PAY-5483,Account_5483,Utilities,False,0
PAY-5484,Merchant_5484,Healthcare,False,0
PAY-5485,Account_5485,Cryptocurrency,False,0
PAY-5486,Merchant_5486,Cryptocurrency,False,0
PAY-5487,Account_5487,Cryptocurrency,False,0
PAY-5488,Merchant_5488,Peer-Transfer,False,0
PAY-5489,Account_5489,Travel,False,0
PAY-5490,Merchant_5490,Healthcare,False,0
PAY-5491,Account_5491,Travel,False,0
PAY-5492,Merchant_5492,Healthcare,False,0
PAY-5493,Account_5493,Travel,False,0
PAY-5494,Merchant_5494,Peer-Transfer,False,0
PAY-5495,Account_5495,Cryptocurrency,False,0
PAY-5496,Merchant_5496,E-commerce,False,0
PAY-5497,Account_5497,Cryptocurrency,False,0
PAY-5498,Merchant_5498,Unverified Merchant,False,0
PAY-5499,Account_5499,Travel,False,0
PAY-5500,Merchant_5500,Cryptocurrency,False,0
PAY-5501,Account_5501,Cryptocurrency,False,0
PAY-5502,Merchant_5502,Healthcare,False,0
PAY-5503,Account_5503,Peer-Transfer,False,0
PAY-5504,Merchant_5504,Travel,False,0
PAY-5505,Account_5505,E-commerce,False,0
PAY-5506,Merchant_5506,Grocery,False,0
PAY-5507,Account_5507,Unverified Merchant,False,0
PAY-5508,Merchant_5508,Unverified Merchant,False,0
PAY-5509,Account_5509,Peer-Transfer,False,0
PAY-5510,Merchant_5510,Unverified Merchant,False,0
PAY-5511,Account_5511,Grocery,False,0
PAY-5512,Merchant_5512,Healthcare,False,0
PAY-5513,Account_5513,Travel,False,0
PAY-5514,Merchant_5514,E-commerce,False,0
PAY-5515,Account_5515,Cryptocurrency,False,0
PAY-5516,Merchant_5516,Travel,False,0
PAY-5517,Account_5517,Healthcare,False,0
PAY-5518,Merchant_5518,Healthcare,False,0
PAY-5519,Account_5519,Travel,False,0
PAY-5520,Merchant_5520,Cryptocurrency,False,0
PAY-5521,Account_5521,Peer-Transfer,False,0
PAY-5522,Merchant_5522,Grocery,False,0
PAY-5523,Account_5523,Peer-Transfer,False,0
PAY-5524,Merchant_5524,Grocery,False,0
PAY-5525,Account_5525,Healthcare,False,0
PAY-5526,Merchant_5526,Peer-Transfer,False,0
PAY-5527,Account_5527,Grocery,False,0
PAY-5528,Merchant_5528,Peer-Transfer,False,0
PAY-5529,Account_5529,Grocery,False,0
PAY-5530,Merchant_5530,E-commerce,False,0
PAY-5531,Account_5531,Healthcare,False,0
PAY-5532,Merchant_5532,Cryptocurrency,False,0
PAY-5533,Account_5533,Unverified Merchant,False,0
PAY-5534,Merchant_5534,E-commerce,False,0
PAY-5535,Account_5535,Grocery,False,0
PAY-5536,Merchant_5536,Grocery,False,0
PAY-5537,Account_5537,Unverified Merchant,False,0
PAY-5538,Merchant_5538,Travel,False,0
PAY-5539,Account_5539,Healthcare,False,0
PAY-5540,Merchant_5540,E-commerce,False,0
PAY-5541,Account_5541,Travel,False,0
PAY-5542,Merchant_5542,Grocery,False,0
PAY-5543,Account_5543,Unverified Merchant,False,0
PAY-5544,Merchant_5544,Unverified Merchant,False,0
PAY-5545,Account_5545,Travel,False,0
PAY-5546,Merchant_5546,Unverified Merchant,False,0
PAY-5547,Account_5547,E-commerce,False,0
PAY-5548,Merchant_5548,Peer-Transfer,False,0
PAY-5549,Account_5549,Healthcare,False,0
PAY-5550,Merchant_5550,Peer-Transfer,False,0
PAY-5551,Account_5551,Grocery,False,0
PAY-5552,Merchant_5552,Travel,False,0
PAY-5553,Account_5553,Grocery,False,0
PAY-5554,Merchant_5554,Utilities,False,0
PAY-5555,Account_5555,Cryptocurrency,False,0
PAY-5556,Merchant_5556,E-commerce,False,0
PAY-5557,Account_5557,Peer-Transfer,False,0
PAY-5558,Merchant_5558,Peer-Transfer,False,0
PAY-5559,Account_5559,Utilities,False,0
PAY-5560,Merchant_5560,Peer-Transfer,False,0
PAY-5561,Account_5561,Grocery,False,0
PAY-5562,Merchant_5562,E-commerce,False,0
PAY-5563,Account_5563,Grocery,False,0
PAY-5564,Merchant_5564,Healthcare,False,0
PAY-5565,Account_5565,Peer-Transfer,False,0
PAY-5566,Merchant_5566,Grocery,False,0
PAY-5567,Account_5567,E-commerce,False,0
PAY-5568,Merchant_5568,Utilities,False,0
PAY-5569,Account_5569,Healthcare,False,0
PAY-5570,Merchant_5570,Travel,False,0
PAY-5571,Account_5571,Peer-Transfer,False,0
PAY-5572,Merchant_5572,Travel,False,0
PAY-5573,Account_5573,Utilities,False,0
PAY-5574,Merchant_5574,E-commerce,False,0
PAY-5575,Account_5575,Unverified Merchant,False,0
PAY-5576,Merchant_5576,Healthcare,False,0
PAY-5577,Account_5577,Travel,False,0
PAY-5578,Merchant_5578,Travel,False,0
PAY-5579,Account_5579,Unverified Merchant,False,0
PAY-5580,Merchant_5580,Peer-Transfer,False,0
PAY-5581,Account_5581,Travel,False,0
PAY-5582,Merchant_5582,Utilities,False,0
PAY-5583,Account_5583,Utilities,False,0
PAY-5584,Merchant_5584,Utilities,False,0
PAY-5585,Account_5585,E-commerce,False,0
PAY-5586,Merchant_5586,Travel,False,0
PAY-5587,Account_5587,Peer-Transfer,False,0
PAY-5588,Merchant_5588,Grocery,False,0
PAY-5589,Account_5589,Healthcare,False,0
PAY-5590,Merchant_5590,E-commerce,False,0
PAY-5591,Account_5591,Cryptocurrency,False,0
PAY-5592,Merchant_5592,Peer-Transfer,False,0
PAY-5593,Account_5593,E-commerce,False,0
PAY-5594,Merchant_5594,Unverified Merchant,False,0
PAY-5595,Account_5595,Healthcare,False,0
PAY-5596,Merchant_5596,E-commerce,False,0
PAY-5597,Account_5597,Cryptocurrency,False,0
PAY-5598,Merchant_5598,Cryptocurrency,False,0
PAY-5599,Account_5599,E-commerce,False,0
PAY-5600,Merchant_5600,Peer-Transfer,False,0
PAY-5601,Account_5601,Utilities,False,0
PAY-5602,Merchant_5602,Grocery,False,0
PAY-5603,Account_5603,Peer-Transfer,False,0
PAY-5604,Merchant_5604,Unverified Merchant,False,0
PAY-5605,Account_5605,Travel,False,0
PAY-5606,Merchant_5606,Travel,False,0
PAY-5607,Account_5607,Peer-Transfer,False,0
PAY-5608,Merchant_5608,Peer-Transfer,False,0
PAY-5609,Account_5609,Healthcare,False,0
PAY-5610,Merchant_5610,Peer-Transfer,False,0
PAY-5611,Account_5611,Utilities,False,0
PAY-5612,Merchant_5612,Healthcare,False,0
PAY-5613,Account_5613,Cryptocurrency,False,0
PAY-5614,Merchant_5614,Grocery,False,0
PAY-5615,Account_5615,Utilities,False,0
PAY-5616,Merchant_5616,Travel,False,0
PAY-5617,Account_5617,Peer-Transfer,False,0
PAY-5618,Merchant_5618,Utilities,False,0
PAY-5619,Account_5619,Utilities,False,0
PAY-5620,Merchant_5620,Unverified Merchant,False,0
PAY-5621,Account_5621,Healthcare,False,0
PAY-5622,Merchant_5622,Peer-Transfer,False,0
PAY-5623,Account_5623,Peer-Transfer,False,0
PAY-5624,Merchant_5624,Peer-Transfer,False,0
PAY-5625,Account_5625,Travel,False,0
PAY-5626,Merchant_5626,Unverified Merchant,False,0
PAY-5627,Account_5627,Grocery,False,0
PAY-5628,Merchant_5628,Cryptocurrency,False,0
PAY-5629,Account_5629,E-commerce,False,0
PAY-5630,Merchant_5630,Unverified Merchant,False,0
PAY-5631,Account_5631,E-commerce,False,0
PAY-5632,Merchant_5632,Utilities,False,0
PAY-5633,Account_5633,Cryptocurrency,False,0
PAY-5634,Merchant_5634,Unverified Merchant,False,0
PAY-5635,Account_5635,Travel,False,0
PAY-5636,Merchant_5636,Travel,False,0
PAY-5637,Account_5637,Unverified Merchant,False,0
PAY-5638,Merchant_5638,Healthcare,False,0
PAY-5639,Account_5639,Cryptocurrency,False,0
PAY-5640,Merchant_5640,Utilities,False,0
PAY-5641,Account_5641,E-commerce,False,0
PAY-5642,Merchant_5642,Utilities,False,0
PAY-5643,Account_5643,Peer-Transfer,False,0
PAY-5644,Merchant_5644,Unverified Merchant,False,0
PAY-5645,Account_5645,Peer-Transfer,False,0
PAY-5646,Merchant_5646,Cryptocurrency,False,0
PAY-5647,Account_5647,E-commerce,False,0
PAY-5648,Merchant_5648,Cryptocurrency,False,0
PAY-5649,Account_5649,Healthcare,False,0
PAY-5650,Merchant_5650,Utilities,False,0
PAY-5651,Account_5651,E-commerce,False,0
PAY-5652,Merchant_5652,Cryptocurrency,False,0
PAY-5653,Account_5653,Grocery,False,0
PAY-5654,Merchant_5654,Healthcare,False,0
PAY-5655,Account_5655,Utilities,False,0
PAY-5656,Merchant_5656,Unverified Merchant,False,0
PAY-5657,Account_5657,Cryptocurrency,False,0
PAY-5658,Merchant_5658,E-commerce,False,0
PAY-5659,Account_5659,Grocery,False,0
PAY-5660,Merchant_5660,Grocery,False,0
PAY-5661,Account_5661,Cryptocurrency,False,0
PAY-5662,Merchant_5662,Travel,False,0
PAY-5663,Account_5663,Utilities,False,0
PAY-5664,Merchant_5664,Cryptocurrency,False,0
PAY-5665,Account_5665,Travel,False,0
PAY-5666,Merchant_5666,Grocery,False,0
PAY-5667,Account_5667,Travel,False,0
PAY-5668,Merchant_5668,Peer-Transfer,False,0
PAY-5669,Account_5669,Utilities,False,0
PAY-5670,Merchant_5670,Cryptocurrency,False,0
PAY-5671,Account_5671,Unverified Merchant,False,0
PAY-5672,Merchant_5672,Grocery,False,0
PAY-5673,Account_5673,Healthcare,False,0
PAY-5674,Merchant_5674,Peer-Transfer,False,0
PAY-5675,Account_5675,Grocery,False,0
PAY-5676,Merchant_5676,Peer-Transfer,False,0
PAY-5677,Account_5677,E-commerce,False,0
PAY-5678,Merchant_5678,E-commerce,False,0
PAY-5679,Account_5679,Cryptocurrency,False,0
PAY-5680,Merchant_5680,Unverified Merchant,False,0
PAY-5681,Account_5681,Travel,False,0
PAY-5682,Merchant_5682,Utilities,False,0
PAY-5683,Account_5683,E-commerce,False,0
PAY-5684,Merchant_5684,Travel,False,0
PAY-5685,Account_5685,Healthcare,False,0
PAY-5686,Merchant_5686,Travel,False,0
PAY-5687,Account_5687,Grocery,False,0
PAY-5688,Merchant_5688,Healthcare,False,0
PAY-5689,Account_5689,Peer-Transfer,False,0
PAY-5690,Merchant_5690,Utilities,False,0
PAY-5691,Account_5691,Healthcare,False,0
PAY-5692,Merchant_5692,E-commerce,False,0
PAY-5693,Account_5693,Grocery,False,0
PAY-5694,Merchant_5694,E-commerce,False,0
PAY-5695,Account_5695,Peer-Transfer,False,0
PAY-5696,Merchant_5696,Travel,False,0
PAY-5697,Account_5697,Cryptocurrency,False,0
PAY-5698,Merchant_5698,Healthcare,False,0
PAY-5699,Account_5699,Peer-Transfer,False,0
PAY-5700,Merchant_5700,Grocery,False,0
PAY-5701,Account_5701,E-commerce,False,0
PAY-5702,Merchant_5702,E-commerce,False,0
PAY-5703,Account_5703,Travel,False,0
PAY-5704,Merchant_5704,Utilities,False,0
PAY-5705,Account_5705,Travel,False,0
PAY-5706,Merchant_5706,Healthcare,False,0
PAY-5707,Account_5707,E-commerce,False,0
PAY-5708,Merchant_5708,Unverified Merchant,False,0
PAY-5709,Account_5709,Peer-Transfer,False,0
PAY-5710,Merchant_5710,Peer-Transfer,False,0
PAY-5711,Account_5711,Unverified Merchant,False,0
PAY-5712,Merchant_5712,Cryptocurrency,False,0
PAY-5713,Account_5713,Unverified Merchant,False,0
PAY-5714,Merchant_5714,E-commerce,False,0
PAY-5715,Account_5715,Utilities,False,0
PAY-5716,Merchant_5716,Utilities,False,0
PAY-5717,Account_5717,Peer-Transfer,False,0
PAY-5718,Merchant_5718,Healthcare,False,0
PAY-5719,Account_5719,Grocery,False,0
PAY-5720,Merchant_5720,Healthcare,False,0
PAY-5721,Account_5721,Healthcare,False,0
PAY-5722,Merchant_5722,Travel,False,0
PAY-5723,Account_5723,Utilities,False,0
PAY-5724,Merchant_5724,Travel,False,0
PAY-5725,Account_5725,Healthcare,False,0
PAY-5726,Merchant_5726,Travel,False,0
PAY-5727,Account_5727,Cryptocurrency,False,0
PAY-5728,Merchant_5728,Peer-Transfer,False,0
PAY-5729,Account_5729,Travel,False,0
PAY-5730,Merchant_5730,Utilities,False,0
PAY-5731,Account_5731,Grocery,False,0
PAY-5732,Merchant_5732,E-commerce,False,0
PAY-5733,Account_5733,Unverified Merchant,False,0
PAY-5734,Merchant_5734,Unverified Merchant,False,0
PAY-5735,Account_5735,Utilities,False,0
PAY-5736,Merchant_5736,Utilities,False,0
PAY-5737,Account_5737,Peer-Transfer,False,0
PAY-5738,Merchant_5738,Grocery,False,0
PAY-5739,Account_5739,Cryptocurrency,False,0
PAY-5740,Merchant_5740,E-commerce,False,0
PAY-5741,Account_5741,Utilities,False,0
PAY-5742,Merchant_5742,Unverified Merchant,False,0
PAY-5743,Account_5743,E-commerce,False,0
PAY-5744,Merchant_5744,Cryptocurrency,False,0
PAY-5745,Account_5745,Peer-Transfer,False,0
PAY-5746,Merchant_5746,Utilities,False,0
PAY-5747,Account_5747,Unverified Merchant,False,0
PAY-5748,Merchant_5748,Travel,False,0
PAY-5749,Account_5749,E-commerce,False,0
PAY-5750,Merchant_5750,Utilities,False,0
PAY-5751,Account_5751,Cryptocurrency,False,0
PAY-5752,Merchant_5752,E-commerce,False,0
PAY-5753,Account_5753,Utilities,False,0
PAY-5754,Merchant_5754,Grocery,False,0
PAY-5755,Account_5755,Unverified Merchant,False,0
PAY-5756,Merchant_5756,Travel,False,0
PAY-5757,Account_5757,E-commerce,False,0
PAY-5758,Merchant_5758,E-commerce,False,0
PAY-5759,Account_5759,Utilities,False,0
PAY-5760,Merchant_5760,Travel,False,0
PAY-5761,Account_5761,Cryptocurrency,False,0
PAY-5762,Merchant_5762,Utilities,False,0
PAY-5763,Account_5763,Peer-Transfer,False,0
PAY-5764,Merchant_5764,Unverified Merchant,False,0
PAY-5765,Account_5765,Travel,False,0
PAY-5766,Merchant_5766,Unverified Merchant,False,0
PAY-5767,Account_5767,Cryptocurrency,False,0
PAY-5768,Merchant_5768,Unverified Merchant,False,0
PAY-5769,Account_5769,Utilities,False,0
PAY-5770,Merchant_5770,Grocery,False,0
PAY-5771,Account_5771,Peer-Transfer,False,0
PAY-5772,Merchant_5772,E-commerce,False,0
PAY-5773,Account_5773,Unverified Merchant,False,0
PAY-5774,Merchant_5774,Unverified Merchant,False,0
PAY-5775,Account_5775,Grocery,False,0
PAY-5776,Merchant_5776,Unverified Merchant,False,0
PAY-5777,Account_5777,Healthcare,False,0
PAY-5778,Merchant_5778,Peer-Transfer,False,0
PAY-5779,Account_5779,Utilities,False,0
PAY-5780,Merchant_5780,Peer-Transfer,False,0
PAY-5781,Account_5781,Travel,False,0
PAY-5782,Merchant_5782,Grocery,False,0
PAY-5783,Account_5783,Healthcare,False,0
PAY-5784,Merchant_5784,Healthcare,False,0
PAY-5785,Account_5785,Peer-Transfer,False,0
PAY-5786,Merchant_5786,Grocery,False,0
PAY-5787,Account_5787,Grocery,False,0
PAY-5788,Merchant_5788,E-commerce,False,0
PAY-5789,Account_5789,Grocery,False,0
PAY-5790,Merchant_5790,E-commerce,False,0
PAY-5791,Account_5791,Cryptocurrency,False,0
PAY-5792,Merchant_5792,Travel,False,0
PAY-5793,Account_5793,Unverified Merchant,False,0
PAY-5794,Merchant_5794,Grocery,False,0
PAY-5795,Account_5795,Travel,False,0
PAY-5796,Merchant_5796,Healthcare,False,0
PAY-5797,Account_5797,Peer-Transfer,False,0
PAY-5798,Merchant_5798,Grocery,False,0
PAY-5799,Account_5799,E-commerce,False,0
PAY-5800,Merchant_5800,Peer-Transfer,False,0
PAY-5801,Account_5801,Cryptocurrency,False,0
PAY-5802,Merchant_5802,Unverified Merchant,False,0
PAY-5803,Account_5803,Cryptocurrency,False,0
PAY-5804,Merchant_5804,Grocery,False,0
PAY-5805,Account_5805,Travel,False,0
PAY-5806,Merchant_5806,Grocery,False,0
PAY-5807,Account_5807,Healthcare,False,0
PAY-5808,Merchant_5808,Grocery,False,0
PAY-5809,Account_5809,Travel,False,0
PAY-5810,Merchant_5810,Healthcare,False,0
PAY-5811,Account_5811,Cryptocurrency,False,0
PAY-5812,Merchant_5812,Unverified Merchant,False,0
PAY-5813,Account_5813,Peer-Transfer,False,0
PAY-5814,Merchant_5814,Healthcare,False,0
PAY-5815,Account_5815,Utilities,False,0
PAY-5816,Merchant_5816,E-commerce,False,0
PAY-5817,Account_5817,Travel,False,0
PAY-5818,Merchant_5818,Cryptocurrency,False,0
PAY-5819,Account_5819,Utilities,False,0
PAY-5820,Merchant_5820,Grocery,False,0
PAY-5821,Account_5821,Utilities,False,0
PAY-5822,Merchant_5822,Travel,False,0
PAY-5823,Account_5823,E-commerce,False,0
PAY-5824,Merchant_5824,Unverified Merchant,False,0
PAY-5825,Account_5825,E-commerce,False,0
PAY-5826,Merchant_5826,Utilities,False,0
PAY-5827,Account_5827,Grocery,False,0
PAY-5828,Merchant_5828,Peer-Transfer,False,0
PAY-5829,Account_5829,Utilities,False,0
PAY-5830,Merchant_5830,Travel,False,0
PAY-5831,Account_5831,Travel,False,0
PAY-5832,Merchant_5832,Healthcare,False,0
PAY-5833,Account_5833,Cryptocurrency,False,0
PAY-5834,Merchant_5834,Grocery,False,0
PAY-5835,Account_5835,Utilities,False,0
PAY-5836,Merchant_5836,Healthcare,False,0
PAY-5837,Account_5837,E-commerce,False,0
PAY-5838,Merchant_5838,E-commerce,False,0
PAY-5839,Account_5839,Grocery,False,0
PAY-5840,Merchant_5840,Utilities,False,0
PAY-5841,Account_5841,Travel,False,0
PAY-5842,Merchant_5842,E-commerce,False,0
PAY-5843,Account_5843,Peer-Transfer,False,0
PAY-5844,Merchant_5844,Travel,False,0
PAY-5845,Account_5845,E-commerce,False,0
PAY-5846,Merchant_5846,Grocery,False,0
PAY-5847,Account_5847,Travel,False,0
PAY-5848,Merchant_5848,Utilities,False,0
PAY-5849,Account_5849,Cryptocurrency,False,0
PAY-5850,Merchant_5850,Utilities,False,0
PAY-5851,Account_5851,Cryptocurrency,False,0
PAY-5852,Merchant_5852,Travel,False,0
PAY-5853,Account_5853,Cryptocurrency,False,0
PAY-5854,Merchant_5854,Grocery,False,0
PAY-5855,Account_5855,Travel,False,0
PAY-5856,Merchant_5856,Utilities,False,0
PAY-5857,Account_5857,Unverified Merchant,False,0
PAY-5858,Merchant_5858,Travel,False,0
PAY-5859,Account_5859,Cryptocurrency,False,0
PAY-5860,Merchant_5860,Grocery,False,0
PAY-5861,Account_5861,Unverified Merchant,False,0
PAY-5862,Merchant_5862,Healthcare,False,0
PAY-5863,Account_5863,Unverified Merchant,False,0
PAY-5864,Merchant_5864,Cryptocurrency,False,0
PAY-5865,Account_5865,Unverified Merchant,False,0
PAY-5866,Merchant_5866,E-commerce,False,0
PAY-5867,Account_5867,Grocery,False,0
PAY-5868,Merchant_5868,Grocery,False,0
PAY-5869,Account_5869,Grocery,False,0
PAY-5870,Merchant_5870,Peer-Transfer,False,0
PAY-5871,Account_5871,E-commerce,False,0
PAY-5872,Merchant_5872,Utilities,False,0
PAY-5873,Account_5873,Healthcare,False,0
PAY-5874,Merchant_5874,Utilities,False,0
PAY-5875,Account_5875,Grocery,False,0
PAY-5876,Merchant_5876,Unverified Merchant,False,0
PAY-5877,Account_5877,Grocery,False,0
PAY-5878,Merchant_5878,Unverified Merchant,False,0
PAY-5879,Account_5879,Utilities,False,0
PAY-5880,Merchant_5880,Cryptocurrency,False,0
PAY-5881,Account_5881,Travel,False,0
PAY-5882,Merchant_5882,Healthcare,False,0
PAY-5883,Account_5883,Peer-Transfer,False,0
PAY-5884,Merchant_5884,Grocery,False,0
PAY-5885,Account_5885,Peer-Transfer,False,0
PAY-5886,Merchant_5886,Utilities,False,0
PAY-5887,Account_5887,E-commerce,False,0
PAY-5888,Merchant_5888,Travel,False,0
PAY-5889,Account_5889,Unverified Merchant,False,0
PAY-5890,Merchant_5890,Grocery,False,0
PAY-5891,Account_5891,Peer-Transfer,False,0
PAY-5892,Merchant_5892,Utilities,False,0
PAY-5893,Account_5893,Utilities,False,0
PAY-5894,Merchant_5894,Utilities,False,0
PAY-5895,Account_5895,Healthcare,False,0
PAY-5896,Merchant_5896,Healthcare,False,0
PAY-5897,Account_5897,Peer-Transfer,False,0
PAY-5898,Merchant_5898,Healthcare,False,0
PAY-5899,Account_5899,Peer-Transfer,False,0
PAY-5900,Merchant_5900,Cryptocurrency,False,0
PAY-5901,Account_5901,Unverified Merchant,False,0
PAY-5902,Merchant_5902,E-commerce,False,0
PAY-5903,Account_5903,Cryptocurrency,False,0
PAY-5904,Merchant_5904,Peer-Transfer,False,0
PAY-5905,Account_5905,Peer-Transfer,False,0
PAY-5906,Merchant_5906,Cryptocurrency,False,0
PAY-5907,Account_5907,Utilities,False,0
PAY-5908,Merchant_5908,E-commerce,False,0
PAY-5909,Account_5909,Unverified Merchant,False,0
PAY-5910,Merchant_5910,Cryptocurrency,False,0
PAY-5911,Account_5911,Unverified Merchant,False,0
PAY-5912,Merchant_5912,Utilities,False,0
PAY-5913,Account_5913,Travel,False,0
PAY-5914,Merchant_5914,Unverified Merchant,False,0
PAY-5915,Account_5915,Unverified Merchant,False,0
PAY-5916,Merchant_5916,Utilities,False,0
PAY-5917,Account_5917,Cryptocurrency,False,0
PAY-5918,Merchant_5918,E-commerce,False,0
PAY-5919,Account_5919,Cryptocurrency,False,0
PAY-5920,Merchant_5920,Travel,False,0
PAY-5921,Account_5921,Peer-Transfer,False,0
PAY-5922,Merchant_5922,Cryptocurrency,False,0
PAY-5923,Account_5923,Utilities,False,0
PAY-5924,Merchant_5924,E-commerce,False,0
PAY-5925,Account_5925,Cryptocurrency,False,0
PAY-5926,Merchant_5926,Cryptocurrency,False,0
PAY-5927,Account_5927,Unverified Merchant,False,0
PAY-5928,Merchant_5928,Travel,False,0
PAY-5929,Account_5929,Grocery,False,0
PAY-5930,Merchant_5930,Peer-Transfer,False,0
PAY-5931,Account_5931,Peer-Transfer,False,0
PAY-5932,Merchant_5932,Unverified Merchant,False,0
PAY-5933,Account_5933,Travel,False,0
PAY-5934,Merchant_5934,Unverified Merchant,False,0
PAY-5935,Account_5935,Utilities,False,0
PAY-5936,Merchant_5936,Travel,False,0
PAY-5937,Account_5937,Unverified Merchant,False,0
PAY-5938,Merchant_5938,Healthcare,False,0
PAY-5939,Account_5939,Grocery,False,0
PAY-5940,Merchant_5940,E-commerce,False,0
PAY-5941,Account_5941,E-commerce,False,0
PAY-5942,Merchant_5942,Travel,False,0
PAY-5943,Account_5943,Healthcare,False,0
PAY-5944,Merchant_5944,Cryptocurrency,False,0
PAY-5945,Account_5945,Utilities,False,0
PAY-5946,Merchant_5946,Healthcare,False,0
PAY-5947,Account_5947,Healthcare,False,0
PAY-5948,Merchant_5948,Cryptocurrency,False,0
PAY-5949,Account_5949,Cryptocurrency,False,0
PAY-5950,Merchant_5950,E-commerce,False,0
PAY-5951,Account_5951,Unverified Merchant,False,0
PAY-5952,Merchant_5952,Cryptocurrency,False,0
PAY-5953,Account_5953,Travel,False,0
PAY-5954,Merchant_5954,Travel,False,0
PAY-5955,Account_5955,Grocery,False,0
PAY-5956,Merchant_5956,Healthcare,False,0
PAY-5957,Account_5957,Utilities,False,0
PAY-5958,Merchant_5958,Utilities,False,0
PAY-5959,Account_5959,Unverified Merchant,False,0
PAY-5960,Merchant_5960,Cryptocurrency,False,0
PAY-5961,Account_5961,Utilities,False,0
PAY-5962,Merchant_5962,Healthcare,False,0
PAY-5963,Account_5963,E-commerce,False,0
PAY-5964,Merchant_5964,Utilities,False,0
PAY-5965,Account_5965,Peer-Transfer,False,0
PAY-5966,Merchant_5966,E-commerce,False,0
PAY-5967,Account_5967,Healthcare,False,0
PAY-5968,Merchant_5968,Travel,False,0
PAY-5969,Account_5969,Utilities,False,0
PAY-5970,Merchant_5970,Cryptocurrency,False,0
PAY-5971,Account_5971,Cryptocurrency,False,0
PAY-5972,Merchant_5972,Travel,False,0
PAY-5973,Account_5973,Cryptocurrency,False,0
PAY-5974,Merchant_5974,Healthcare,False,0
PAY-5975,Account_5975,Unverified Merchant,False,0
PAY-5976,Merchant_5976,Grocery,False,0
PAY-5977,Account_5977,Healthcare,False,0
PAY-5978,Merchant_5978,Cryptocurrency,False,0
PAY-5979,Account_5979,Peer-Transfer,False,0
PAY-5980,Merchant_5980,Cryptocurrency,False,0
PAY-5981,Account_5981,Cryptocurrency,False,0
PAY-5982,Merchant_5982,Unverified Merchant,False,0
PAY-5983,Account_5983,Grocery,False,0
PAY-5984,Merchant_5984,Travel,False,0
PAY-5985,Account_5985,Cryptocurrency,False,0
PAY-5986,Merchant_5986,Travel,False,0
PAY-5987,Account_5987,Grocery,False,0
PAY-5988,Merchant_5988,Grocery,False,0
PAY-5989,Account_5989,Healthcare,False,0
PAY-5990,Merchant_5990,Travel,False,0
PAY-5991,Account_5991,Unverified Merchant,False,0
PAY-5992,Merchant_5992,Travel,False,0
PAY-5993,Account_5993,Cryptocurrency,False,0
PAY-5994,Merchant_5994,Travel,False,0
PAY-5995,Account_5995,Utilities,False,0
PAY-5996,Merchant_5996,Peer-Transfer,False,0
PAY-5997,Account_5997,E-commerce,False,0
PAY-5998,Merchant_5998,E-commerce,False,0
PAY-5999,Account_5999,Utilities,False,0
PAY-6000,Merchant_6000,E-commerce,False,0
PAY-6001,Account_6001,Unverified Merchant,False,0
PAY-6002,Merchant_6002,Grocery,False,0
PAY-6003,Account_6003,Cryptocurrency,False,0
PAY-6004,Merchant_6004,Peer-Transfer,False,0
PAY-6005,Account_6005,Travel,False,0
PAY-6006,Merchant_6006,Healthcare,False,0
PAY-6007,Account_6007,Utilities,False,0
PAY-6008,Merchant_6008,Grocery,False,0
PAY-6009,Account_6009,Healthcare,False,0
PAY-6010,Merchant_6010,Grocery,False,0
PAY-6011,Account_6011,Cryptocurrency,False,0
PAY-6012,Merchant_6012,E-commerce,False,0
PAY-6013,Account_6013,Utilities,False,0
PAY-6014,Merchant_6014,Utilities,False,0
PAY-6015,Account_6015,Unverified Merchant,False,0
PAY-6016,Merchant_6016,E-commerce,False,0
PAY-6017,Account_6017,E-commerce,False,0
PAY-6018,Merchant_6018,E-commerce,False,0
PAY-6019,Account_6019,Healthcare,False,0
PAY-6020,Merchant_6020,Unverified Merchant,False,0
PAY-6021,Account_6021,Utilities,False,0
PAY-6022,Merchant_6022,Travel,False,0
PAY-6023,Account_6023,Grocery,False,0
PAY-6024,Merchant_6024,Utilities,False,0
PAY-6025,Account_6025,Utilities,False,0
PAY-6026,Merchant_6026,Unverified Merchant,False,0
PAY-6027,Account_6027,Cryptocurrency,False,0
PAY-6028,Merchant_6028,Grocery,False,0
PAY-6029,Account_6029,Unverified Merchant,False,0
PAY-6030,Merchant_6030,Peer-Transfer,False,0
PAY-6031,Account_6031,Unverified Merchant,False,0
PAY-6032,Merchant_6032,Healthcare,False,0
PAY-6033,Account_6033,Unverified Merchant,False,0
PAY-6034,Merchant_6034,Healthcare,False,0
PAY-6035,Account_6035,Unverified Merchant,False,0
PAY-6036,Merchant_6036,Grocery,False,0
PAY-6037,Account_6037,Peer-Transfer,False,0
PAY-6038,Merchant_6038,E-commerce,False,0
PAY-6039,Account_6039,E-commerce,False,0
PAY-6040,Merchant_6040,Utilities,False,0
PAY-6041,Account_6041,Unverified Merchant,False,0
PAY-6042,Merchant_6042,Utilities,False,0
PAY-6043,Account_6043,Utilities,False,0
PAY-6044,Merchant_6044,Healthcare,False,0
PAY-6045,Account_6045,Cryptocurrency,False,0
PAY-6046,Merchant_6046,Peer-Transfer,False,0
PAY-6047,Account_6047,Cryptocurrency,False,0
PAY-6048,Merchant_6048,Peer-Transfer,False,0
PAY-6049,Account_6049,Utilities,False,0
PAY-6050,Merchant_6050,Utilities,False,0
PAY-6051,Account_6051,Grocery,False,0
PAY-6052,Merchant_6052,Cryptocurrency,False,0
PAY-6053,Account_6053,Utilities,False,0
PAY-6054,Merchant_6054,Unverified Merchant,False,0
PAY-6055,Account_6055,Travel,False,0
PAY-6056,Merchant_6056,Peer-Transfer,False,0
PAY-6057,Account_6057,Cryptocurrency,False,0
PAY-6058,Merchant_6058,Travel,False,0
PAY-6059,Account_6059,Utilities,False,0
PAY-6060,Merchant_6060,Cryptocurrency,False,0
PAY-6061,Account_6061,Travel,False,0
PAY-6062,Merchant_6062,Utilities,False,0
PAY-6063,Account_6063,E-commerce,False,0
PAY-6064,Merchant_6064,Unverified Merchant,False,0
PAY-6065,Account_6065,Peer-Transfer,False,0
PAY-6066,Merchant_6066,Peer-Transfer,False,0
PAY-6067,Account_6067,Unverified Merchant,False,0
PAY-6068,Merchant_6068,E-commerce,False,0
PAY-6069,Account_6069,Cryptocurrency,False,0
PAY-6070,Merchant_6070,Utilities,False,0
PAY-6071,Account_6071,Cryptocurrency,False,0
PAY-6072,Merchant_6072,Healthcare,False,0
PAY-6073,Account_6073,Cryptocurrency,False,0
PAY-6074,Merchant_6074,Travel,False,0
PAY-6075,Account_6075,Unverified Merchant,False,0
PAY-6076,Merchant_6076,Utilities,False,0
PAY-6077,Account_6077,Utilities,False,0
PAY-6078,Merchant_6078,Travel,False,0
PAY-6079,Account_6079,Grocery,False,0
PAY-6080,Merchant_6080,Cryptocurrency,False,0
PAY-6081,Account_6081,E-commerce,False,0
PAY-6082,Merchant_6082,Grocery,False,0
PAY-6083,Account_6083,Utilities,False,0
PAY-6084,Merchant_6084,Travel,False,0
PAY-6085,Account_6085,Grocery,False,0
PAY-6086,Merchant_6086,Unverified Merchant,False,0
PAY-6087,Account_6087,Utilities,False,0
PAY-6088,Merchant_6088,Cryptocurrency,False,0
PAY-6089,Account_6089,Unverified Merchant,False,0
PAY-6090,Merchant_6090,Peer-Transfer,False,0
PAY-6091,Account_6091,Travel,False,0
PAY-6092,Merchant_6092,E-commerce,False,0
PAY-6093,Account_6093,Utilities,False,0
PAY-6094,Merchant_6094,Cryptocurrency,False,0
PAY-6095,Account_6095,Travel,False,0
PAY-6096,Merchant_6096,Travel,False,0
PAY-6097,Account_6097,Cryptocurrency,False,0
PAY-6098,Merchant_6098,Utilities,False,0
PAY-6099,Account_6099,Travel,False,0
PAY-6100,Merchant_6100,Utilities,False,0
PAY-6101,Account_6101,Unverified Merchant,False,0
PAY-6102,Merchant_6102,Peer-Transfer,False,0
PAY-6103,Account_6103,Healthcare,False,0
PAY-6104,Merchant_6104,Grocery,False,0
PAY-6105,Account_6105,Grocery,False,0
PAY-6106,Merchant_6106,Healthcare,False,0
PAY-6107,Account_6107,Grocery,False,0
PAY-6108,Merchant_6108,Travel,False,0
PAY-6109,Account_6109,Unverified Merchant,False,0
PAY-6110,Merchant_6110,E-commerce,False,0
PAY-6111,Account_6111,Peer-Transfer,False,0
PAY-6112,Merchant_6112,Healthcare,False,0
PAY-6113,Account_6113,Peer-Transfer,False,0
PAY-6114,Merchant_6114,Peer-Transfer,False,0
PAY-6115,Account_6115,Travel,False,0
PAY-6116,Merchant_6116,Peer-Transfer,False,0
PAY-6117,Account_6117,Cryptocurrency,False,0
PAY-6118,Merchant_6118,Travel,False,0
PAY-6119,Account_6119,Utilities,False,0
PAY-6120,Merchant_6120,E-commerce,False,0
PAY-6121,Account_6121,Unverified Merchant,False,0
PAY-6122,Merchant_6122,Healthcare,False,0
PAY-6123,Account_6123,Travel,False,0
PAY-6124,Merchant_6124,E-commerce,False,0
PAY-6125,Account_6125,E-commerce,False,0
PAY-6126,Merchant_6126,Peer-Transfer,False,0
PAY-6127,Account_6127,Peer-Transfer,False,0
PAY-6128,Merchant_6128,Utilities,False,0
PAY-6129,Account_6129,Unverified Merchant,False,0
PAY-6130,Merchant_6130,Healthcare,False,0
PAY-6131,Account_6131,Utilities,False,0
PAY-6132,Merchant_6132,E-commerce,False,0
PAY-6133,Account_6133,Peer-Transfer,False,0
PAY-6134,Merchant_6134,Utilities,False,0
PAY-6135,Account_6135,Healthcare,False,0
PAY-6136,Merchant_6136,Unverified Merchant,False,0
PAY-6137,Account_6137,Cryptocurrency,False,0
PAY-6138,Merchant_6138,E-commerce,False,0
PAY-6139,Account_6139,Utilities,False,0
PAY-6140,Merchant_6140,E-commerce,False,0
PAY-6141,Account_6141,Travel,False,0
PAY-6142,Merchant_6142,Cryptocurrency,False,0
PAY-6143,Account_6143,Grocery,False,0
PAY-6144,Merchant_6144,Utilities,False,0
PAY-6145,Account_6145,Cryptocurrency,False,0
PAY-6146,Merchant_6146,Travel,False,0
PAY-6147,Account_6147,Healthcare,False,0
PAY-6148,Merchant_6148,Peer-Transfer,False,0
PAY-6149,Account_6149,Healthcare,False,0
PAY-6150,Merchant_6150,Utilities,False,0
PAY-6151,Account_6151,Travel,False,0
PAY-6152,Merchant_6152,Healthcare,False,0
PAY-6153,Account_6153,Peer-Transfer,False,0
PAY-6154,Merchant_6154,Travel,False,0
PAY-6155,Account_6155,Utilities,False,0
PAY-6156,Merchant_6156,Peer-Transfer,False,0
PAY-6157,Account_6157,Cryptocurrency,False,0
PAY-6158,Merchant_6158,Travel,False,0
PAY-6159,Account_6159,Grocery,False,0
PAY-6160,Merchant_6160,Travel,False,0
PAY-6161,Account_6161,Grocery,False,0
PAY-6162,Merchant_6162,Unverified Merchant,False,0
PAY-6163,Account_6163,Cryptocurrency,False,0
PAY-6164,Merchant_6164,Peer-Transfer,False,0
PAY-6165,Account_6165,Grocery,False,0
PAY-6166,Merchant_6166,Cryptocurrency,False,0
PAY-6167,Account_6167,Healthcare,False,0
PAY-6168,Merchant_6168,Peer-Transfer,False,0
PAY-6169,Account_6169,Unverified Merchant,False,0
PAY-6170,Merchant_6170,E-commerce,False,0
PAY-6171,Account_6171,Healthcare,False,0
PAY-6172,Merchant_6172,Grocery,False,0
PAY-6173,Account_6173,E-commerce,False,0
PAY-6174,Merchant_6174,Utilities,False,0
PAY-6175,Account_6175,Unverified Merchant,False,0
PAY-6176,Merchant_6176,Unverified Merchant,False,0
PAY-6177,Account_6177,Travel,False,0
PAY-6178,Merchant_6178,Peer-Transfer,False,0
PAY-6179,Account_6179,Utilities,False,0
PAY-6180,Merchant_6180,Cryptocurrency,False,0
PAY-6181,Account_6181,Cryptocurrency,False,0
PAY-6182,Merchant_6182,Utilities,False,0
PAY-6183,Account_6183,Utilities,False,0
PAY-6184,Merchant_6184,Travel,False,0
PAY-6185,Account_6185,Travel,False,0
PAY-6186,Merchant_6186,Unverified Merchant,False,0
PAY-6187,Account_6187,Travel,False,0
PAY-6188,Merchant_6188,Cryptocurrency,False,0
PAY-6189,Account_6189,Unverified Merchant,False,0
PAY-6190,Merchant_6190,Grocery,False,0
PAY-6191,Account_6191,Unverified Merchant,False,0
PAY-6192,Merchant_6192,E-commerce,False,0
PAY-6193,Account_6193,Utilities,False,0
PAY-6194,Merchant_6194,Unverified Merchant,False,0
PAY-6195,Account_6195,Travel,False,0
PAY-6196,Merchant_6196,Healthcare,False,0
PAY-6197,Account_6197,Grocery,False,0
PAY-6198,Merchant_6198,E-commerce,False,0
PAY-6199,Account_6199,Healthcare,False,0
PAY-6200,Merchant_6200,E-commerce,False,0
PAY-6201,Account_6201,E-commerce,False,0
PAY-6202,Merchant_6202,E-commerce,False,0
PAY-6203,Account_6203,Healthcare,False,0
PAY-6204,Merchant_6204,Utilities,False,0
PAY-6205,Account_6205,Travel,False,0
PAY-6206,Merchant_6206,Grocery,False,0
PAY-6207,Account_6207,Cryptocurrency,False,0
PAY-6208,Merchant_6208,Travel,False,0
PAY-6209,Account_6209,E-commerce,False,0
PAY-6210,Merchant_6210,Travel,False,0
PAY-6211,Account_6211,Cryptocurrency,False,0
PAY-6212,Merchant_6212,Peer-Transfer,False,0
PAY-6213,Account_6213,Healthcare,False,0
PAY-6214,Merchant_6214,Grocery,False,0
PAY-6215,Account_6215,Utilities,False,0
PAY-6216,Merchant_6216,Utilities,False,0
PAY-6217,Account_6217,Healthcare,False,0
PAY-6218,Merchant_6218,Healthcare,False,0
PAY-6219,Account_6219,Healthcare,False,0
PAY-6220,Merchant_6220,E-commerce,False,0
PAY-6221,Account_6221,Healthcare,False,0
PAY-6222,Merchant_6222,Healthcare,False,0
PAY-6223,Account_6223,E-commerce,False,0
PAY-6224,Merchant_6224,Grocery,False,0
PAY-6225,Account_6225,E-commerce,False,0
PAY-6226,Merchant_6226,Healthcare,False,0
PAY-6227,Account_6227,Travel,False,0
PAY-6228,Merchant_6228,Peer-Transfer,False,0
PAY-6229,Account_6229,Grocery,False,0
PAY-6230,Merchant_6230,Healthcare,False,0
PAY-6231,Account_6231,Unverified Merchant,False,0
PAY-6232,Merchant_6232,Cryptocurrency,False,0
PAY-6233,Account_6233,Peer-Transfer,False,0
PAY-6234,Merchant_6234,Utilities,False,0
PAY-6235,Account_6235,Utilities,False,0
PAY-6236,Merchant_6236,Cryptocurrency,False,0
PAY-6237,Account_6237,Utilities,False,0
PAY-6238,Merchant_6238,Peer-Transfer,False,0
PAY-6239,Account_6239,Cryptocurrency,False,0
PAY-6240,Merchant_6240,Healthcare,False,0
PAY-6241,Account_6241,Grocery,False,0
PAY-6242,Merchant_6242,Healthcare,False,0
PAY-6243,Account_6243,Utilities,False,0
PAY-6244,Merchant_6244,Healthcare,False,0
PAY-6245,Account_6245,Unverified Merchant,False,0
PAY-6246,Merchant_6246,Peer-Transfer,False,0
PAY-6247,Account_6247,Travel,False,0
PAY-6248,Merchant_6248,Utilities,False,0
PAY-6249,Account_6249,Travel,False,0
PAY-6250,Merchant_6250,Unverified Merchant,False,0
PAY-6251,Account_6251,Grocery,False,0
PAY-6252,Merchant_6252,Peer-Transfer,False,0
PAY-6253,Account_6253,Healthcare,False,0
PAY-6254,Merchant_6254,E-commerce,False,0
PAY-6255,Account_6255,Healthcare,False,0
PAY-6256,Merchant_6256,Peer-Transfer,False,0
PAY-6257,Account_6257,Utilities,False,0
PAY-6258,Merchant_6258,Grocery,False,0
PAY-6259,Account_6259,E-commerce,False,0
PAY-6260,Merchant_6260,Cryptocurrency,False,0
PAY-6261,Account_6261,Utilities,False,0
PAY-6262,Merchant_6262,Utilities,False,0
PAY-6263,Account_6263,Grocery,False,0
PAY-6264,Merchant_6264,Travel,False,0
PAY-6265,Account_6265,Peer-Transfer,False,0
PAY-6266,Merchant_6266,Cryptocurrency,False,0
PAY-6267,Account_6267,Peer-Transfer,False,0
PAY-6268,Merchant_6268,Healthcare,False,0
PAY-6269,Account_6269,E-commerce,False,0
PAY-6270,Merchant_6270,E-commerce,False,0
PAY-6271,Account_6271,Grocery,False,0
PAY-6272,Merchant_6272,E-commerce,False,0
PAY-6273,Account_6273,Travel,False,0
PAY-6274,Merchant_6274,Unverified Merchant,False,0
PAY-6275,Account_6275,Cryptocurrency,False,0
PAY-6276,Merchant_6276,Cryptocurrency,False,0
PAY-6277,Account_6277,Cryptocurrency,False,0
PAY-6278,Merchant_6278,Cryptocurrency,False,0
PAY-6279,Account_6279,E-commerce,False,0
PAY-6280,Merchant_6280,E-commerce,False,0
PAY-6281,Account_6281,Peer-Transfer,False,0
PAY-6282,Merchant_6282,Travel,False,0
PAY-6283,Account_6283,Travel,False,0
PAY-6284,Merchant_6284,Cryptocurrency,False,0
PAY-6285,Account_6285,Utilities,False,0
PAY-6286,Merchant_6286,Healthcare,False,0
PAY-6287,Account_6287,Utilities,False,0
PAY-6288,Merchant_6288,Utilities,False,0
PAY-6289,Account_6289,Travel,False,0
PAY-6290,Merchant_6290,Grocery,False,0
PAY-6291,Account_6291,Travel,False,0
PAY-6292,Merchant_6292,Healthcare,False,0
PAY-6293,Account_6293,E-commerce,False,0
PAY-6294,Merchant_6294,Healthcare,False,0
PAY-6295,Account_6295,E-commerce,False,0
PAY-6296,Merchant_6296,Healthcare,False,0
PAY-6297,Account_6297,Grocery,False,0
PAY-6298,Merchant_6298,Cryptocurrency,False,0
PAY-6299,Account_6299,Cryptocurrency,False,0
PAY-6300,Merchant_6300,E-commerce,False,0
PAY-6301,Account_6301,Cryptocurrency,True,17
PAY-6302,Merchant_6302,Travel,True,17
PAY-6303,Account_6303,Cryptocurrency,True,48
PAY-6304,Merchant_6304,Cryptocurrency,True,43
PAY-6305,Account_6305,Travel,True,21
PAY-6306,Merchant_6306,Peer-Transfer,True,11
PAY-6307,Account_6307,Cryptocurrency,True,38
PAY-6308,Merchant_6308,Healthcare,True,7
PAY-6309,Account_6309,Cryptocurrency,True,28
PAY-6310,Merchant_6310,Cryptocurrency,True,16
PAY-6311,Account_6311,E-commerce,True,29
PAY-6312,Merchant_6312,Cryptocurrency,True,13
PAY-6313,Account_6313,Cryptocurrency,True,26
PAY-6314,Merchant_6314,Healthcare,True,18
PAY-6315,Account_6315,Grocery,True,41
PAY-6316,Merchant_6316,Cryptocurrency,True,15
PAY-6317,Account_6317,Cryptocurrency,True,40
PAY-6318,Merchant_6318,Cryptocurrency,True,38
PAY-6319,Account_6319,Cryptocurrency,True,28
PAY-6320,Merchant_6320,Cryptocurrency,True,35
PAY-6321,Account_6321,Cryptocurrency,True,5
PAY-6322,Merchant_6322,Cryptocurrency,True,43
PAY-6323,Account_6323,Cryptocurrency,True,32
PAY-6324,Merchant_6324,Travel,True,25
PAY-6325,Account_6325,Cryptocurrency,True,35
PAY-6326,Merchant_6326,Grocery,True,21
PAY-6327,Account_6327,Travel,True,5
PAY-6328,Merchant_6328,Peer-Transfer,True,22
PAY-6329,Account_6329,Unverified Merchant,True,18
PAY-6330,Merchant_6330,Cryptocurrency,True,23
PAY-6331,Account_6331,Cryptocurrency,True,44
PAY-6332,Merchant_6332,Cryptocurrency,True,47
PAY-6333,Account_6333,Cryptocurrency,True,32
PAY-6334,Merchant_6334,Healthcare,True,34
PAY-6335,Account_6335,Utilities,True,34
PAY-6336,Merchant_6336,Cryptocurrency,True,46
PAY-6337,Account_6337,Cryptocurrency,True,42
PAY-6338,Merchant_6338,Healthcare,True,44
PAY-6339,Account_6339,Utilities,True,10
PAY-6340,Merchant_6340,Travel,True,38
PAY-6341,Account_6341,Unverified Merchant,True,11
PAY-6342,Merchant_6342,Unverified Merchant,True,27
PAY-6343,Account_6343,Peer-Transfer,True,5
PAY-6344,Merchant_6344,Cryptocurrency,True,9
PAY-6345,Account_6345,Cryptocurrency,True,37
PAY-6346,Merchant_6346,Grocery,True,48
PAY-6347,Account_6347,Unverified Merchant,True,47
PAY-6348,Merchant_6348,E-commerce,True,18
PAY-6349,Account_6349,Travel,True,28
PAY-6350,Merchant_6350,Cryptocurrency,True,45
PAY-6351,Account_6351,Cryptocurrency,True,41
PAY-6352,Merchant_6352,Cryptocurrency,True,6
PAY-6353,Account_6353,Cryptocurrency,True,22
PAY-6354,Merchant_6354,Grocery,True,46
PAY-6355,Account_6355,Cryptocurrency,True,31
PAY-6356,Merchant_6356,Cryptocurrency,True,41
PAY-6357,Account_6357,Cryptocurrency,True,19
PAY-6358,Merchant_6358,Healthcare,True,7
PAY-6359,Account_6359,Healthcare,True,16
PAY-6360,Merchant_6360,Cryptocurrency,True,32
PAY-6361,Account_6361,E-commerce,True,26
PAY-6362,Merchant_6362,Cryptocurrency,True,12
PAY-6363,Account_6363,Grocery,True,13
PAY-6364,Merchant_6364,Travel,True,39
PAY-6365,Account_6365,Unverified Merchant,True,32
PAY-6366,Merchant_6366,Cryptocurrency,True,29
PAY-6367,Account_6367,Cryptocurrency,True,24
PAY-6368,Merchant_6368,Cryptocurrency,True,9
PAY-6369,Account_6369,Cryptocurrency,True,20
PAY-6370,Merchant_6370,Cryptocurrency,True,23
PAY-6371,Account_6371,Cryptocurrency,True,31
PAY-6372,Merchant_6372,Cryptocurrency,True,8
PAY-6373,Account_6373,Cryptocurrency,True,17
PAY-6374,Merchant_6374,Peer-Transfer,True,19
PAY-6375,Account_6375,Utilities,True,6
PAY-6376,Merchant_6376,Cryptocurrency,True,14
PAY-6377,Account_6377,Cryptocurrency,True,43
PAY-6378,Merchant_6378,Travel,True,5
PAY-6379,Account_6379,Cryptocurrency,True,46
PAY-6380,Merchant_6380,Cryptocurrency,True,28
PAY-6381,Account_6381,Unverified Merchant,True,34
PAY-6382,Merchant_6382,Cryptocurrency,True,35
PAY-6383,Account_6383,Travel,True,29
PAY-6384,Merchant_6384,E-commerce,True,8
PAY-6385,Account_6385,Cryptocurrency,True,32
PAY-6386,Merchant_6386,Healthcare,True,48
PAY-6387,Account_6387,Healthcare,True,30
PAY-6388,Merchant_6388,Cryptocurrency,True,43
PAY-6389,Account_6389,Travel,True,19
PAY-6390,Merchant_6390,Utilities,True,48
PAY-6391,Account_6391,Cryptocurrency,True,17
PAY-6392,Merchant_6392,Unverified Merchant,True,48
PAY-6393,Account_6393,Unverified Merchant,True,50
PAY-6394,Merchant_6394,Cryptocurrency,True,8
PAY-6395,Account_6395,Travel,True,12
PAY-6396,Merchant_6396,Cryptocurrency,True,24
PAY-6397,Account_6397,Peer-Transfer,True,34
PAY-6398,Merchant_6398,Cryptocurrency,True,16
PAY-6399,Account_6399,Cryptocurrency,True,13
PAY-6400,Merchant_6400,Cryptocurrency,True,33
PAY-6401,Account_6401,Cryptocurrency,True,49
PAY-6402,Merchant_6402,Unverified Merchant,True,36
PAY-6403,Account_6403,Unverified Merchant,True,28
PAY-6404,Merchant_6404,Cryptocurrency,True,48
PAY-6405,Account_6405,Travel,True,23
PAY-6406,Merchant_6406,Cryptocurrency,True,50
PAY-6407,Account_6407,Peer-Transfer,True,17
PAY-6408,Merchant_6408,Unverified Merchant,True,21
PAY-6409,Account_6409,Cryptocurrency,True,6
PAY-6410,Merchant_6410,Cryptocurrency,True,20
PAY-6411,Account_6411,Unverified Merchant,True,31
PAY-6412,Merchant_6412,Cryptocurrency,True,23
PAY-6413,Account_6413,E-commerce,True,6
PAY-6414,Merchant_6414,Cryptocurrency,True,35
PAY-6415,Account_6415,Peer-Transfer,True,10
PAY-6416,Merchant_6416,Unverified Merchant,True,27
PAY-6417,Account_6417,Utilities,True,9
PAY-6418,Merchant_6418,Unverified Merchant,True,18
PAY-6419,Account_6419,Cryptocurrency,True,18
PAY-6420,Merchant_6420,Grocery,True,7
PAY-6421,Account_6421,Cryptocurrency,True,7
PAY-6422,Merchant_6422,Cryptocurrency,True,22
PAY-6423,Account_6423,Cryptocurrency,True,31
PAY-6424,Merchant_6424,Peer-Transfer,True,37
PAY-6425,Account_6425,Healthcare,True,21
PAY-6426,Merchant_6426,Peer-Transfer,True,46
PAY-6427,Account_6427,Cryptocurrency,True,28
PAY-6428,Merchant_6428,E-commerce,True,17
PAY-6429,Account_6429,Cryptocurrency,True,13
PAY-6430,Merchant_6430,Cryptocurrency,True,32
PAY-6431,Account_6431,Cryptocurrency,True,45
PAY-6432,Merchant_6432,Cryptocurrency,True,47
PAY-6433,Account_6433,Cryptocurrency,True,7
PAY-6434,Merchant_6434,Grocery,True,41
PAY-6435,Account_6435,Cryptocurrency,True,9
PAY-6436,Merchant_6436,Travel,True,24
PAY-6437,Account_6437,Cryptocurrency,True,47
PAY-6438,Merchant_6438,Cryptocurrency,True,9
PAY-6439,Account_6439,Cryptocurrency,True,25
PAY-6440,Merchant_6440,Cryptocurrency,True,10
PAY-6441,Account_6441,Cryptocurrency,True,48
PAY-6442,Merchant_6442,Cryptocurrency,True,37
PAY-6443,Account_6443,Unverified Merchant,True,22
PAY-6444,Merchant_6444,Utilities,True,24
PAY-6445,Account_6445,Cryptocurrency,True,35
PAY-6446,Merchant_6446,Utilities,True,37
PAY-6447,Account_6447,Cryptocurrency,True,46
PAY-6448,Merchant_6448,Unverified Merchant,True,47
PAY-6449,Account_6449,Unverified Merchant,True,42
PAY-6450,Merchant_6450,Cryptocurrency,True,40
PAY-6451,Account_6451,Cryptocurrency,True,50
PAY-6452,Merchant_6452,Cryptocurrency,True,28
PAY-6453,Account_6453,Cryptocurrency,True,28
PAY-6454,Merchant_6454,Peer-Transfer,True,6
PAY-6455,Account_6455,Cryptocurrency,True,44
PAY-6456,Merchant_6456,E-commerce,True,49
PAY-6457,Account_6457,Travel,True,5
PAY-6458,Merchant_6458,Cryptocurrency,True,41
PAY-6459,Account_6459,Cryptocurrency,True,36
PAY-6460,Merchant_6460,Healthcare,True,6
PAY-6461,Account_6461,Unverified Merchant,True,48
PAY-6462,Merchant_6462,Cryptocurrency,True,16
PAY-6463,Account_6463,Cryptocurrency,True,9
PAY-6464,Merchant_6464,Peer-Transfer,True,9
PAY-6465,Account_6465,Utilities,True,39
PAY-6466,Merchant_6466,Grocery,True,24
PAY-6467,Account_6467,Unverified Merchant,True,20
PAY-6468,Merchant_6468,Utilities,True,21
PAY-6469,Account_6469,Peer-Transfer,True,15
PAY-6470,Merchant_6470,Healthcare,True,24
PAY-6471,Account_6471,Cryptocurrency,True,5
PAY-6472,Merchant_6472,Healthcare,True,23
PAY-6473,Account_6473,E-commerce,True,19
PAY-6474,Merchant_6474,Cryptocurrency,True,35
PAY-6475,Account_6475,Cryptocurrency,True,27
PAY-6476,Merchant_6476,Cryptocurrency,True,39
PAY-6477,Account_6477,Cryptocurrency,True,48
PAY-6478,Merchant_6478,Cryptocurrency,True,31
PAY-6479,Account_6479,Unverified Merchant,True,35
PAY-6480,Merchant_6480,Travel,True,10
PAY-6481,Account_6481,Cryptocurrency,True,28
PAY-6482,Merchant_6482,Travel,True,5
PAY-6483,Account_6483,Peer-Transfer,True,17
PAY-6484,Merchant_6484,Cryptocurrency,True,25
PAY-6485,Account_6485,Cryptocurrency,True,10
PAY-6486,Merchant_6486,Peer-Transfer,True,45
PAY-6487,Account_6487,Utilities,True,36
PAY-6488,Merchant_6488,Cryptocurrency,True,25
PAY-6489,Account_6489,Grocery,True,41
PAY-6490,Merchant_6490,Cryptocurrency,True,50
PAY-6491,Account_6491,Cryptocurrency,True,9
PAY-6492,Merchant_6492,Cryptocurrency,True,40
PAY-6493,Account_6493,Cryptocurrency,True,26
PAY-6494,Merchant_6494,Utilities,True,29
PAY-6495,Account_6495,E-commerce,True,18
PAY-6496,Merchant_6496,Cryptocurrency,True,11
PAY-6497,Account_6497,Cryptocurrency,True,24
PAY-6498,Merchant_6498,Cryptocurrency,True,41
PAY-6499,Account_6499,Grocery,True,8
PAY-6500,Merchant_6500,Cryptocurrency,True,39
